commarea,commarea_n,countyfp10,geoid10,name10,namelsad10,notes,statefp10,tractce10,Area
"44",44.0000000000000000000000000000000,"031","17031842400","8424",Census Tract 8424,,"17","842400",1968638.234
"59",59.0000000000000000000000000000000,"031","17031840300","8403",Census Tract 8403,,"17","840300",831225.103
"34",34.0000000000000000000000000000000,"031","17031841100","8411",Census Tract 8411,,"17","841100",1143245.245
"31",31.0000000000000000000000000000000,"031","17031841200","8412",Census Tract 8412,,"17","841200",625405.828
"32",32.0000000000000000000000000000000,"031","17031839000","8390",Census Tract 8390,,"17","839000",516456.127
"28",28.0000000000000035527136788005009,"031","17031838200","8382",Census Tract 8382,,"17","838200",1157564.139
"65",65.0000000000000000000000000000000,"031","17031650301","6503.01",Census Tract 6503.01,,"17","650301",985552.911
"53",53.0000000000000000000000000000000,"031","17031530503","5305.03",Census Tract 5305.03,,"17","530503",1637979.424
"76",76.0000000000000000000000000000000,"031","17031760803","7608.03",Census Tract 7608.03,,"17","760803",760357.475
"77",77.0000000000000000000000000000000,"031","17031030601","306.01",Census Tract 306.01,,"17","030601",252836.104
"77",77.0000000000000000000000000000000,"031","17031030604","306.04",Census Tract 306.04,,"17","030604",283748.927
"2",2.0000000000000000000000000000000,"031","17031020801","208.01",Census Tract 208.01,,"17","020801",655950.324
"54",54.0000000000000000000000000000000,"031","17031540102","5401.02",Census Tract 5401.02,,"17","540102",5296525.912
"29",29.0000000000000000000000000000000,"031","17031843300","8433",Census Tract 8433,,"17","843300",584251.037
"54",54.0000000000000000000000000000000,"031","17031540101","5401.01",Census Tract 5401.01,,"17","540101",3866268.072
"44",44.0000000000000000000000000000000,"031","17031440201","4402.01",Census Tract 4402.01,,"17","440201",531537.287
"8",8.0000000000000000000000000000000,"031","17031080202","802.02",Census Tract 802.02,,"17","080202",155329.109
"7",7.0000000000000008881784197001252,"031","17031070102","701.02",Census Tract 701.02,,"17","070102",124701.554
"3",3.0000000000000000000000000000000,"031","17031031501","315.01",Census Tract 315.01,,"17","031501",160448.037
"3",3.0000000000000000000000000000000,"031","17031031502","315.02",Census Tract 315.02,,"17","031502",161701.940
"67",67.0000000000000000000000000000000,"031","17031834900","8349",Census Tract 8349,,"17","834900",652720.202
"68",68.0000000000000000000000000000000,"031","17031834800","8348",Census Tract 8348,,"17","834800",600481.927
"16",16.0000000000000000000000000000000,"031","17031160502","1605.02",Census Tract 1605.02,,"17","160502",310885.048
"14",14.0000000000000017763568394002505,"031","17031140702","1407.02",Census Tract 1407.02,,"17","140702",427093.270
"35",35.0000000000000000000000000000000,"031","17031842000","8420",Census Tract 8420,,"17","842000",589975.993
"15",15.0000000000000000000000000000000,"031","17031150402","1504.02",Census Tract 1504.02,,"17","150402",662510.817
"42",42.0000000000000000000000000000000,"031","17031834400","8344",Census Tract 8344,,"17","834400",585569.059
"4",4.0000000000000000000000000000000,"031","17031040201","402.01",Census Tract 402.01,,"17","040201",721411.127
"4",4.0000000000000000000000000000000,"031","17031040202","402.02",Census Tract 402.02,,"17","040202",588656.012
"2",2.0000000000000000000000000000000,"031","17031020702","207.02",Census Tract 207.02,,"17","020702",786874.455
"2",2.0000000000000000000000000000000,"031","17031020802","208.02",Census Tract 208.02,,"17","020802",644014.908
"2",2.0000000000000000000000000000000,"031","17031020301","203.01",Census Tract 203.01,,"17","020301",825541.858
"29",29.0000000000000000000000000000000,"031","17031838700","8387",Census Tract 8387,,"17","838700",658084.926
"2",2.0000000000000000000000000000000,"031","17031020601","206.01",Census Tract 206.01,,"17","020601",591326.123
"29",29.0000000000000000000000000000000,"031","17031841500","8415",Census Tract 8415,,"17","841500",432306.386
"29",29.0000000000000000000000000000000,"031","17031838600","8386",Census Tract 8386,,"17","838600",246252.627
"27",27.0000000000000000000000000000000,"031","17031837300","8373",Census Tract 8373,,"17","837300",368499.156
"2",2.0000000000000000000000000000000,"031","17031020602","206.02",Census Tract 206.02,,"17","020602",492025.079
"6",6.0000000000000000000000000000000,"031","17031063301","633.01",Census Tract 633.01,,"17","063301",93852.989
"28",28.0000000000000035527136788005009,"031","17031837800","8378",Census Tract 8378,,"17","837800",1005500.659
"27",27.0000000000000000000000000000000,"031","17031837400","8374",Census Tract 8374,,"17","837400",591450.095
"27",27.0000000000000000000000000000000,"031","17031836900","8369",Census Tract 8369,,"17","836900",164714.840
"2",2.0000000000000000000000000000000,"031","17031020302","203.02",Census Tract 203.02,,"17","020302",639919.370
"2",2.0000000000000000000000000000000,"031","17031020902","209.02",Census Tract 209.02,,"17","020902",503213.381
"1",1.0000000000000000000000000000000,"031","17031010701","107.01",Census Tract 107.01,,"17","010701",429679.705
"77",77.0000000000000000000000000000000,"031","17031030103","301.03",Census Tract 301.03,,"17","030103",187915.551
"6",6.0000000000000000000000000000000,"031","17031063303","633.03",Census Tract 633.03,,"17","063303",236592.405
"77",77.0000000000000000000000000000000,"031","17031030102","301.02",Census Tract 301.02,,"17","030102",200459.829
"1",1.0000000000000000000000000000000,"031","17031010502","105.02",Census Tract 105.02,,"17","010502",180366.671
"1",1.0000000000000000000000000000000,"031","17031010503","105.03",Census Tract 105.03,,"17","010503",194274.935
"1",1.0000000000000000000000000000000,"031","17031010702","107.02",Census Tract 107.02,,"17","010702",357548.491
"27",27.0000000000000000000000000000000,"031","17031837100","8371",Census Tract 8371,,"17","837100",745298.028
"27",27.0000000000000000000000000000000,"031","17031837000","8370",Census Tract 8370,,"17","837000",412544.925
"1",1.0000000000000000000000000000000,"031","17031010201","102.01",Census Tract 102.01,,"17","010201",504471.034
"2",2.0000000000000000000000000000000,"031","17031020901","209.01",Census Tract 209.01,,"17","020901",486915.211
"4",4.0000000000000000000000000000000,"031","17031040401","404.01",Census Tract 404.01,,"17","040401",385796.639
"21",21.0000000000000000000000000000000,"031","17031210602","2106.02",Census Tract 2106.02,,"17","210602",380700.751
"16",16.0000000000000000000000000000000,"031","17031160501","1605.01",Census Tract 1605.01,,"17","160501",345246.377
"19",19.0000000000000000000000000000000,"031","17031191302","1913.02",Census Tract 1913.02,,"17","191302",631189.903
"19",19.0000000000000000000000000000000,"031","17031190602","1906.02",Census Tract 1906.02,,"17","190602",621353.180
"60",60.0000000000000000000000000000000,"031","17031840200","8402",Census Tract 8402,,"17","840200",831093.654
"53",53.0000000000000000000000000000000,"031","17031530501","5305.01",Census Tract 5305.01,,"17","530501",1296491.832
"2",2.0000000000000000000000000000000,"031","17031020701","207.01",Census Tract 207.01,,"17","020701",591392.873
"25",25.0000000000000000000000000000000,"031","17031831400","8314",Census Tract 8314,,"17","831400",2104284.668
"25",25.0000000000000000000000000000000,"031","17031831300","8313",Census Tract 8313,,"17","831300",576172.990
"1",1.0000000000000000000000000000000,"031","17031010501","105.01",Census Tract 105.01,,"17","010501",202152.072
"28",28.0000000000000035527136788005009,"031","17031833000","8330",Census Tract 8330,,"17","833000",1312664.567
"76",76.0000000000000000000000000000000,"031","17031760801","7608.01",Census Tract 7608.01,,"17","760801",1300579.862
"25",25.0000000000000000000000000000000,"031","17031252101","2521.01",Census Tract 2521.01,,"17","252101",850097.575
"25",25.0000000000000000000000000000000,"031","17031252102","2521.02",Census Tract 2521.02,,"17","252102",668485.628
"25",25.0000000000000000000000000000000,"031","17031252202","2522.02",Census Tract 2522.02,,"17","252202",637446.889
"22",22.0000000000000000000000000000000,"031","17031220601","2206.01",Census Tract 2206.01,,"17","220601",189119.502
"21",21.0000000000000000000000000000000,"031","17031210502","2105.02",Census Tract 2105.02,,"17","210502",345944.978
"22",22.0000000000000000000000000000000,"031","17031220602","2206.02",Census Tract 2206.02,,"17","220602",464796.437
"22",22.0000000000000000000000000000000,"031","17031220901","2209.01",Census Tract 2209.01,,"17","220901",293285.843
"22",22.0000000000000000000000000000000,"031","17031220902","2209.02",Census Tract 2209.02,,"17","220902",330305.138
"20",19.9999999999999964472863211994991,"031","17031200401","2004.01",Census Tract 2004.01,,"17","200401",402814.279
"20",19.9999999999999964472863211994991,"031","17031200402","2004.02",Census Tract 2004.02,,"17","200402",386204.269
"19",19.0000000000000000000000000000000,"031","17031191301","1913.01",Census Tract 1913.01,,"17","191301",674993.208
"19",19.0000000000000000000000000000000,"031","17031190601","1906.01",Census Tract 1906.01,,"17","190601",690031.124
"19",19.0000000000000000000000000000000,"031","17031190701","1907.01",Census Tract 1907.01,,"17","190701",277867.956
"19",19.0000000000000000000000000000000,"031","17031190702","1907.02",Census Tract 1907.02,,"17","190702",383492.089
"19",19.0000000000000000000000000000000,"031","17031190401","1904.01",Census Tract 1904.01,,"17","190401",655473.291
"19",19.0000000000000000000000000000000,"031","17031190402","1904.02",Census Tract 1904.02,,"17","190402",653980.193
"6",6.0000000000000000000000000000000,"031","17031832100","8321",Census Tract 8321,,"17","832100",222084.735
"61",61.0000000000000000000000000000000,"031","17031843800","8438",Census Tract 8438,,"17","843800",1309513.884
"58",58.0000000000000000000000000000000,"031","17031842800","8428",Census Tract 8428,,"17","842800",1516561.723
"35",35.0000000000000000000000000000000,"031","17031351500","3515",Census Tract 3515,,"17","351500",168878.983
"56",56.0000000000000071054273576010019,"031","17031980100","9801",Census Tract 9801,Half in CA 64 (Midway Airport),"17","980100",2961318.163
"28",28.0000000000000035527136788005009,"031","17031833300","8333",Census Tract 8333,,"17","833300",477828.047
"28",28.0000000000000035527136788005009,"031","17031832900","8329",Census Tract 8329,,"17","832900",401289.492
"28",28.0000000000000035527136788005009,"031","17031838000","8380",Census Tract 8380,,"17","838000",537837.159
"28",28.0000000000000035527136788005009,"031","17031838100","8381",Census Tract 8381,,"17","838100",822114.090
"77",77.0000000000000000000000000000000,"031","17031030706","307.06",Census Tract 307.06,,"17","030706",581936.235
"38",38.0000000000000000000000000000000,"031","17031381500","3815",Census Tract 3815,,"17","381500",108676.117
"28",28.0000000000000035527136788005009,"031","17031833100","8331",Census Tract 8331,,"17","833100",922172.602
"32",32.0000000000000000000000000000000,"031","17031839100","8391",Census Tract 8391,,"17","839100",1186062.867
"8",8.0000000000000000000000000000000,"031","17031081201","812.01",Census Tract 812.01,,"17","081201",185123.148
"15",15.0000000000000000000000000000000,"031","17031150401","1504.01",Census Tract 1504.01,,"17","150401",738023.716
"15",15.0000000000000000000000000000000,"031","17031150501","1505.01",Census Tract 1505.01,,"17","150501",698785.867
"29",29.0000000000000000000000000000000,"031","17031843000","8430",Census Tract 8430,,"17","843000",1065156.721
"28",28.0000000000000035527136788005009,"031","17031842900","8429",Census Tract 8429,,"17","842900",2208286.361
"23",23.0000000000000000000000000000000,"031","17031842100","8421",Census Tract 8421,,"17","842100",2034640.427
"28",28.0000000000000035527136788005009,"031","17031841900","8419",Census Tract 8419,,"17","841900",2564977.510
"8",8.0000000000000000000000000000000,"031","17031080201","802.01",Census Tract 802.01,,"17","080201",135302.921
"7",7.0000000000000008881784197001252,"031","17031070101","701.01",Census Tract 701.01,,"17","070101",1197874.291
"8",8.0000000000000000000000000000000,"031","17031081202","812.02",Census Tract 812.02,,"17","081202",735030.005
"4",4.0000000000000000000000000000000,"031","17031040402","404.02",Census Tract 404.02,,"17","040402",602582.719
"22",22.0000000000000000000000000000000,"031","17031220702","2207.02",Census Tract 2207.02,,"17","220702",575194.779
"14",14.0000000000000017763568394002505,"031","17031140301","1403.01",Census Tract 1403.01,,"17","140301",164127.411
"8",8.0000000000000000000000000000000,"031","17031842200","8422",Census Tract 8422,,"17","842200",1565695.370
"5",4.9999999999999991118215802998748,"031","17031843700","8437",Census Tract 8437,,"17","843700",1263069.507
"66",66.0000000000000000000000000000000,"031","17031835000","8350",Census Tract 8350,,"17","835000",1004078.049
"24",24.0000000000000000000000000000000,"031","17031842300","8423",Census Tract 8423,,"17","842300",1872231.863
"23",23.0000000000000000000000000000000,"031","17031230200","2302",Census Tract 2302,,"17","230200",210189.950
"63",63.0000000000000000000000000000000,"031","17031835100","8351",Census Tract 8351,,"17","835100",1003889.390
"68",68.0000000000000000000000000000000,"031","17031834700","8347",Census Tract 8347,,"17","834700",657991.937
"15",15.0000000000000000000000000000000,"031","17031151001","1510.01",Census Tract 1510.01,,"17","151001",330132.630
"15",15.0000000000000000000000000000000,"031","17031151002","1510.02",Census Tract 1510.02,,"17","151002",637150.742
"16",16.0000000000000000000000000000000,"031","17031160602","1606.02",Census Tract 1606.02,,"17","160602",518378.285
"14",14.0000000000000017763568394002505,"031","17031140601","1406.01",Census Tract 1406.01,,"17","140601",272125.271
"14",14.0000000000000017763568394002505,"031","17031140701","1407.01",Census Tract 1407.01,,"17","140701",228325.867
"14",14.0000000000000017763568394002505,"031","17031140602","1406.02",Census Tract 1406.02,,"17","140602",384381.922
"39",39.0000000000000000000000000000000,"031","17031390500","3905",Census Tract 3905,,"17","390500",326518.042
"69",69.0000000000000000000000000000000,"031","17031841800","8418",Census Tract 8418,,"17","841800",1643117.341
"69",69.0000000000000000000000000000000,"031","17031842500","8425",Census Tract 8425,,"17","842500",1075342.404
"61",61.0000000000000000000000000000000,"031","17031842600","8426",Census Tract 8426,,"17","842600",3679424.321
"30",30.0000000000000000000000000000000,"031","17031843500","8435",Census Tract 8435,,"17","843500",2032655.019
"29",29.0000000000000000000000000000000,"031","17031843400","8434",Census Tract 8434,,"17","843400",656155.327
"14",14.0000000000000017763568394002505,"031","17031140302","1403.02",Census Tract 1403.02,,"17","140302",421893.260
"11",11.0000000000000000000000000000000,"031","17031110501","1105.01",Census Tract 1105.01,,"17","110501",791607.513
"39",39.0000000000000000000000000000000,"031","17031390400","3904",Census Tract 3904,,"17","390400",326307.503
"31",31.0000000000000000000000000000000,"031","17031843200","8432",Census Tract 8432,,"17","843200",3162059.991
"30",30.0000000000000000000000000000000,"031","17031840800","8408",Census Tract 8408,,"17","840800",328680.963
"11",11.0000000000000000000000000000000,"031","17031110502","1105.02",Census Tract 1105.02,,"17","110502",649188.603
"76",76.0000000000000000000000000000000,"031","17031760802","7608.02",Census Tract 7608.02,,"17","760802",6213668.595
"15",15.0000000000000000000000000000000,"031","17031150502","1505.02",Census Tract 1505.02,,"17","150502",684581.187
"29",29.0000000000000000000000000000000,"031","17031843100","8431",Census Tract 8431,,"17","843100",1012677.924
"45",45.0000000000000000000000000000000,"031","17031834300","8343",Census Tract 8343,,"17","834300",1909305.228
"42",42.0000000000000000000000000000000,"031","17031843900","8439",Census Tract 8439,Small area in CA 43,"17","843900",2211632.373
"20",19.9999999999999964472863211994991,"031","17031831200","8312",Census Tract 8312,,"17","831200",574946.194
"18",18.0000000000000000000000000000000,"031","17031831600","8316",Census Tract 8316,,"17","831600",1488842.117
"19",19.0000000000000000000000000000000,"031","17031831500","8315",Census Tract 8315,,"17","831500",968250.152
"21",21.0000000000000000000000000000000,"031","17031831100","8311",Census Tract 8311,,"17","831100",1315153.738
"15",15.0000000000000000000000000000000,"031","17031831700","8317",Census Tract 8317,,"17","831700",532281.011
"27",27.0000000000000000000000000000000,"031","17031271500","2715",Census Tract 2715,,"17","271500",162820.104
"44",44.0000000000000000000000000000000,"031","17031440202","4402.02",Census Tract 4402.02,,"17","440202",781698.618
"44",44.0000000000000000000000000000000,"031","17031440102","4401.02",Census Tract 4401.02,,"17","440102",627504.361
"43",43.0000000000000000000000000000000,"031","17031430102","4301.02",Census Tract 4301.02,,"17","430102",999262.390
"77",77.0000000000000000000000000000000,"031","17031030702","307.02",Census Tract 307.02,,"17","030702",8298.575
"77",77.0000000000000000000000000000000,"031","17031030603","306.03",Census Tract 306.03,,"17","030603",115999.767
"77",77.0000000000000000000000000000000,"031","17031030701","307.01",Census Tract 307.01,,"17","030701",69877.361
"41",41.0000000000000000000000000000000,"031","17031836300","8363",Census Tract 8363,,"17","836300",137520.139
"8",8.0000000000000000000000000000000,"031","17031838300","8383",Census Tract 8383,,"17","838300",348133.527
"60",60.0000000000000000000000000000000,"031","17031839800","8398",Census Tract 8398,,"17","839800",266174.037
"23",23.0000000000000000000000000000000,"031","17031836600","8366",Census Tract 8366,,"17","836600",634176.582
"73",73.0000000000000000000000000000000,"031","17031730202","7302.02",Census Tract 7302.02,,"17","730202",876170.065
"43",43.0000000000000000000000000000000,"031","17031430101","4301.01",Census Tract 4301.01,,"17","430101",329505.059
"6",6.0000000000000000000000000000000,"031","17031063302","633.02",Census Tract 633.02,,"17","063302",121199.408
"41",41.0000000000000000000000000000000,"031","17031836200","8362",Census Tract 8362,,"17","836200",813725.188
"7",7.0000000000000008881784197001252,"031","17031071400","714",Census Tract 714,,"17","071400",1323872.524
"60",60.0000000000000000000000000000000,"031","17031840100","8401",Census Tract 8401,,"17","840100",335805.531
"58",58.0000000000000000000000000000000,"031","17031580502","5805.02",Census Tract 5805.02,,"17","580502",494418.260
"29",29.0000000000000000000000000000000,"031","17031841400","8414",Census Tract 8414,,"17","841400",238636.923
"8",8.0000000000000000000000000000000,"031","17031081401","814.01",Census Tract 814.01,,"17","081401",279854.868
"8",8.0000000000000000000000000000000,"031","17031081403","814.03",Census Tract 814.03,Small unpopulated area in CA 32,"17","081403",1819090.990
"77",77.0000000000000000000000000000000,"031","17031030703","307.03",Census Tract 307.03,,"17","030703",198287.950
"38",38.0000000000000000000000000000000,"031","17031836000","8360",Census Tract 8360,,"17","836000",505740.348
"38",38.0000000000000000000000000000000,"031","17031835800","8358",Census Tract 8358,,"17","835800",284424.351
"38",38.0000000000000000000000000000000,"031","17031835900","8359",Census Tract 8359,,"17","835900",647443.381
"40",39.9999999999999928945726423989981,"031","17031834500","8345",Census Tract 8345,,"17","834500",464133.834
"38",38.0000000000000000000000000000000,"031","17031843600","8436",Census Tract 8436,,"17","843600",410893.122
"58",58.0000000000000000000000000000000,"031","17031580501","5805.01",Census Tract 5805.01,,"17","580501",492118.124
"68",68.0000000000000000000000000000000,"031","17031834600","8346",Census Tract 8346,,"17","834600",1562236.363
"13",13.0000000000000000000000000000000,"031","17031831800","8318",Census Tract 8318,,"17","831800",1903566.664
"7",7.0000000000000008881784197001252,"031","17031071600","716",Census Tract 716,,"17","071600",162133.793
"7",7.0000000000000008881784197001252,"031","17031832600","8326",Census Tract 8326,,"17","832600",721625.197
"6",6.0000000000000000000000000000000,"031","17031061901","619.01",Census Tract 619.01,,"17","061901",160610.115
"60",60.0000000000000000000000000000000,"031","17031839900","8399",Census Tract 8399,,"17","839900",1179548.248
"77",77.0000000000000000000000000000000,"031","17031030104","301.04",Census Tract 301.04,,"17","030104",181021.954
"76",76.0000000000000000000000000000000,"031","17031770602","7706.02",Census Tract 7706.02,Partially outside City Boundary,"17","770602",5541130.981
"60",60.0000000000000000000000000000000,"031","17031839700","8397",Census Tract 8397,,"17","839700",648638.160
"56",56.0000000000000071054273576010019,"031","17031835200","8352",Census Tract 8352,,"17","835200",988536.746
"46",46.0000000000000000000000000000000,"031","17031833900","8339",Census Tract 8339,,"17","833900",706312.598
"27",27.0000000000000000000000000000000,"031","17031836800","8368",Census Tract 8368,,"17","836800",816016.026
"51",51.0000000000000000000000000000000,"031","17031838800","8388",Census Tract 8388,,"17","838800",21640424.437
"23",23.0000000000000000000000000000000,"031","17031836700","8367",Census Tract 8367,,"17","836700",1227837.394
"22",22.0000000000000000000000000000000,"031","17031832200","8322",Census Tract 8322,,"17","832200",399384.363
"25",25.0000000000000000000000000000000,"031","17031252201","2522.01",Census Tract 2522.01,,"17","252201",386788.246
"22",22.0000000000000000000000000000000,"031","17031831000","8310",Census Tract 8310,Small area in CA 24,"17","831000",281988.226
"22",22.0000000000000000000000000000000,"031","17031832400","8324",Census Tract 8324,,"17","832400",323051.738
"7",7.0000000000000008881784197001252,"031","17031070103","701.03",Census Tract 701.03,,"17","070103",69092.462
"22",22.0000000000000000000000000000000,"031","17031220701","2207.01",Census Tract 2207.01,,"17","220701",266384.412
"29",29.0000000000000000000000000000000,"031","17031841600","8416",Census Tract 8416,,"17","841600",159366.721
"76",76.0000000000000000000000000000000,"031","17031770902","7709.02",Census Tract 7709.02,Partially outside City Boundary (almost all),"17","770902",1164794.565
"66",66.0000000000000000000000000000000,"031","17031660301","6603.01",Census Tract 6603.01,,"17","660301",163781.633
"66",66.0000000000000000000000000000000,"031","17031660302","6603.02",Census Tract 6603.02,,"17","660302",491838.728
"30",30.0000000000000000000000000000000,"031","17031301802","3018.02",Census Tract 3018.02,,"17","301802",345010.467
"49",49.0000000000000000000000000000000,"031","17031834000","8340",Census Tract 8340,,"17","834000",988762.668
"43",43.0000000000000000000000000000000,"031","17031834200","8342",Census Tract 8342,,"17","834200",975448.481
"73",73.0000000000000000000000000000000,"031","17031730201","7302.01",Census Tract 7302.01,,"17","730201",999818.841
"37",37.0000000000000000000000000000000,"031","17031835500","8355",Census Tract 8355,,"17","835500",914489.613
"35",35.0000000000000000000000000000000,"031","17031839500","8395",Census Tract 8395,,"17","839500",262519.665
"35",35.0000000000000000000000000000000,"031","17031839200","8392",Census Tract 8392,,"17","839200",650885.375
"53",53.0000000000000000000000000000000,"031","17031530502","5305.02",Census Tract 5305.02,,"17","530502",807964.811
"59",59.0000000000000000000000000000000,"031","17031840400","8404",Census Tract 8404,,"17","840400",982644.235
"33",33.0000000000000000000000000000000,"031","17031841000","8410",Census Tract 8410,,"17","841000",1353146.740
"77",77.0000000000000000000000000000000,"031","17031030101","301.01",Census Tract 301.01,,"17","030101",238051.724
"70",70.0000000000000000000000000000000,"031","17031700302","7003.02",Census Tract 7003.02,,"17","700302",1319647.278
"70",70.0000000000000000000000000000000,"031","17031700402","7004.02",Census Tract 7004.02,,"17","700402",1148946.327
"70",70.0000000000000000000000000000000,"031","17031700401","7004.01",Census Tract 7004.01,,"17","700401",1482527.406
"30",30.0000000000000000000000000000000,"031","17031830500","8305",Census Tract 8305,,"17","830500",4113598.565
"30",30.0000000000000000000000000000000,"031","17031841700","8417",Census Tract 8417,,"17","841700",266796.831
"64",64.0000000000000000000000000000000,"031","17031640100","6401",Census Tract 6401,,"17","640100",325922.231
"30",30.0000000000000000000000000000000,"031","17031840700","8407",Census Tract 8407,,"17","840700",541527.195
"31",31.0000000000000000000000000000000,"031","17031841300","8413",Census Tract 8413,,"17","841300",1410350.207
"30",30.0000000000000000000000000000000,"031","17031301801","3018.01",Census Tract 3018.01,,"17","301801",694637.742
"6",6.0000000000000000000000000000000,"031","17031060800","608",Census Tract 608,,"17","060800",247373.730
"22",22.0000000000000000000000000000000,"031","17031832300","8323",Census Tract 8323,,"17","832300",840150.291
"7",7.0000000000000008881784197001252,"031","17031832500","8325",Census Tract 8325,,"17","832500",783012.967
"6",6.0000000000000000000000000000000,"031","17031832000","8320",Census Tract 8320,,"17","832000",167584.904
"16",16.0000000000000000000000000000000,"031","17031160601","1606.01",Census Tract 1606.01,,"17","160601",397111.943
"21",21.0000000000000000000000000000000,"031","17031210501","2105.01",Census Tract 2105.01,,"17","210501",313077.451
"21",21.0000000000000000000000000000000,"031","17031210601","2106.01",Census Tract 2106.01,,"17","210601",273653.714
"8",8.0000000000000000000000000000000,"031","17031081300","813",Census Tract 813,,"17","081300",202658.963
"70",70.0000000000000000000000000000000,"031","17031700502","7005.02",Census Tract 7005.02,,"17","700502",1722969.259
"40",39.9999999999999928945726423989981,"031","17031836100","8361",Census Tract 8361,,"17","836100",860471.704
"38",38.0000000000000000000000000000000,"031","17031835700","8357",Census Tract 8357,,"17","835700",190189.447
"6",6.0000000000000000000000000000000,"031","17031061100","611",Census Tract 611,,"17","061100",173035.507
"36",36.0000000000000000000000000000000,"031","17031836400","8364",Census Tract 8364,,"17","836400",1666110.346
"36",36.0000000000000000000000000000000,"031","17031836500","8365",Census Tract 8365,,"17","836500",940474.780
"35",35.0000000000000000000000000000000,"031","17031839600","8396",Census Tract 8396,,"17","839600",326898.412
"60",60.0000000000000000000000000000000,"031","17031840000","8400",Census Tract 8400,,"17","840000",591627.481
"37",37.0000000000000000000000000000000,"031","17031835600","8356",Census Tract 8356,,"17","835600",917536.238
"4",4.0000000000000000000000000000000,"031","17031830800","8308",Census Tract 8308,,"17","830800",336534.192
"46",46.0000000000000000000000000000000,"031","17031460301","4603.01",Census Tract 4603.01,,"17","460301",485921.193
"30",30.0000000000000000000000000000000,"031","17031301701","3017.01",Census Tract 3017.01,,"17","301701",330772.980
"31",31.0000000000000000000000000000000,"031","17031310400","3104",Census Tract 3104,,"17","310400",124462.683
"53",53.0000000000000000000000000000000,"031","17031530100","5301",Census Tract 5301,,"17","530100",649936.523
"8",8.0000000000000000000000000000000,"031","17031081100","811",Census Tract 811,,"17","081100",102349.295
"15",15.0000000000000000000000000000000,"031","17031150700","1507",Census Tract 1507,,"17","150700",662401.923
"30",30.0000000000000000000000000000000,"031","17031301702","3017.02",Census Tract 3017.02,,"17","301702",330991.048
"70",70.0000000000000000000000000000000,"031","17031700301","7003.01",Census Tract 7003.01,,"17","700301",1275710.792
"49",49.0000000000000000000000000000000,"031","17031490902","4909.02",Census Tract 4909.02,,"17","490902",1196068.339
"6",6.0000000000000000000000000000000,"031","17031061800","618",Census Tract 618,,"17","061800",82841.723
"49",49.0000000000000000000000000000000,"031","17031490901","4909.01",Census Tract 4909.01,,"17","490901",845441.021
"65",65.0000000000000000000000000000000,"031","17031650302","6503.02",Census Tract 6503.02,,"17","650302",661844.165
"6",6.0000000000000000000000000000000,"031","17031831900","8319",Census Tract 8319,,"17","831900",324324.255
"1",1.0000000000000000000000000000000,"031","17031830600","8306",Census Tract 8306,,"17","830600",661391.724
"22",22.0000000000000000000000000000000,"031","17031830900","8309",Census Tract 8309,,"17","830900",1037684.695
"3",3.0000000000000000000000000000000,"031","17031830700","8307",Census Tract 8307,,"17","830700",868895.211
"30",30.0000000000000000000000000000000,"031","17031300900","3009",Census Tract 3009,,"17","300900",327300.044
"70",70.0000000000000000000000000000000,"031","17031700501","7005.01",Census Tract 7005.01,,"17","700501",1670354.810
"46",46.0000000000000000000000000000000,"031","17031460302","4603.02",Census Tract 4603.02,,"17","460302",648525.914
"43",43.0000000000000000000000000000000,"031","17031431302","4313.02",Census Tract 4313.02,,"17","431302",437420.995
"22",22.0000000000000000000000000000000,"031","17031222900","2229",Census Tract 2229,,"17","222900",218386.059
"43",43.0000000000000000000000000000000,"031","17031431301","4313.01",Census Tract 4313.01,,"17","431301",404076.130
"44",44.0000000000000000000000000000000,"031","17031440101","4401.01",Census Tract 4401.01,,"17","440101",382675.433
"30",30.0000000000000000000000000000000,"031","17031301803","3018.03",Census Tract 3018.03,,"17","301803",351051.712
"31",31.0000000000000000000000000000000,"031","17031310200","3102",Census Tract 3102,,"17","310200",320481.769
"31",31.0000000000000000000000000000000,"031","17031310300","3103",Census Tract 3103,,"17","310300",318219.604
"31",31.0000000000000000000000000000000,"031","17031310500","3105",Census Tract 3105,,"17","310500",163307.217
"51",51.0000000000000000000000000000000,"031","17031510300","5103",Census Tract 5103,,"17","510300",2957010.315
"49",49.0000000000000000000000000000000,"031","17031491400","4914",Census Tract 4914,,"17","491400",829877.283
"50",50.0000000000000000000000000000000,"031","17031500200","5002",Census Tract 5002,,"17","500200",2044082.155
"53",53.0000000000000000000000000000000,"031","17031530200","5302",Census Tract 5302,,"17","530200",1297345.755
"74",74.0000000000000000000000000000000,"031","17031740100","7401",Census Tract 7401,,"17","740100",891332.525
"14",14.0000000000000017763568394002505,"031","17031140500","1405",Census Tract 1405,,"17","140500",452820.148
"14",14.0000000000000017763568394002505,"031","17031140800","1408",Census Tract 1408,,"17","140800",724393.487
"30",30.0000000000000000000000000000000,"031","17031301100","3011",Census Tract 3011,,"17","301100",212133.238
"15",15.0000000000000000000000000000000,"031","17031150200","1502",Census Tract 1502,,"17","150200",1326771.744
"15",15.0000000000000000000000000000000,"031","17031150300","1503",Census Tract 1503,,"17","150300",1326521.482
"30",30.0000000000000000000000000000000,"031","17031301200","3012",Census Tract 3012,,"17","301200",482202.902
"74",74.0000000000000000000000000000000,"031","17031740400","7404",Census Tract 7404,,"17","740400",2838802.707
"2",2.0000000000000000000000000000000,"031","17031020400","204",Census Tract 204,,"17","020400",555411.528
"64",64.0000000000000000000000000000000,"031","17031640300","6403",Census Tract 6403,,"17","640300",1324650.601
"64",64.0000000000000000000000000000000,"031","17031640600","6406",Census Tract 6406,,"17","640600",659754.929
"1",1.0000000000000000000000000000000,"031","17031010400","104",Census Tract 104,,"17","010400",1151361.225
"7",7.0000000000000008881784197001252,"031","17031071800","718",Census Tract 718,,"17","071800",323368.048
"16",16.0000000000000000000000000000000,"031","17031160300","1603",Census Tract 1603,,"17","160300",426170.409
"31",31.0000000000000000000000000000000,"031","17031310700","3107",Census Tract 3107,,"17","310700",160036.152
"7",7.0000000000000008881784197001252,"031","17031071500","715",Census Tract 715,,"17","071500",1618624.062
"7",7.0000000000000008881784197001252,"031","17031071700","717",Census Tract 717,,"17","071700",159949.228
"67",67.0000000000000000000000000000000,"031","17031671200","6712",Census Tract 6712,,"17","671200",244920.252
"67",67.0000000000000000000000000000000,"031","17031670500","6705",Census Tract 6705,,"17","670500",622493.052
"67",67.0000000000000000000000000000000,"031","17031670600","6706",Census Tract 6706,,"17","670600",327033.760
"67",67.0000000000000000000000000000000,"031","17031670700","6707",Census Tract 6707,,"17","670700",326728.197
"67",67.0000000000000000000000000000000,"031","17031670800","6708",Census Tract 6708,,"17","670800",326299.340
"67",67.0000000000000000000000000000000,"031","17031670900","6709",Census Tract 6709,,"17","670900",326288.962
"67",67.0000000000000000000000000000000,"031","17031671100","6711",Census Tract 6711,,"17","671100",245620.243
"67",67.0000000000000000000000000000000,"031","17031671300","6713",Census Tract 6713,,"17","671300",484660.231
"67",67.0000000000000000000000000000000,"031","17031671400","6714",Census Tract 6714,,"17","671400",495625.067
"67",67.0000000000000000000000000000000,"031","17031671500","6715",Census Tract 6715,,"17","671500",741164.357
"67",67.0000000000000000000000000000000,"031","17031671600","6716",Census Tract 6716,,"17","671600",407250.933
"67",67.0000000000000000000000000000000,"031","17031670100","6701",Census Tract 6701,,"17","670100",326894.659
"23",23.0000000000000000000000000000000,"031","17031230500","2305",Census Tract 2305,,"17","230500",517113.467
"23",23.0000000000000000000000000000000,"031","17031230600","2306",Census Tract 2306,,"17","230600",1020378.752
"24",24.0000000000000000000000000000000,"031","17031240600","2406",Census Tract 2406,,"17","240600",162941.179
"24",24.0000000000000000000000000000000,"031","17031241000","2410",Census Tract 2410,,"17","241000",210165.554
"19",19.0000000000000000000000000000000,"031","17031191000","1910",Census Tract 1910,,"17","191000",434312.312
"8",8.0000000000000000000000000000000,"031","17031080300","803",Census Tract 803,,"17","080300",361488.568
"30",30.0000000000000000000000000000000,"031","17031300800","3008",Census Tract 3008,,"17","300800",325846.675
"65",65.0000000000000000000000000000000,"031","17031650200","6502",Census Tract 6502,,"17","650200",990903.604
"66",66.0000000000000000000000000000000,"031","17031660500","6605",Census Tract 6605,,"17","660500",659357.438
"22",22.0000000000000000000000000000000,"031","17031221400","2214",Census Tract 2214,,"17","221400",355032.543
"16",16.0000000000000000000000000000000,"031","17031161000","1610",Census Tract 1610,,"17","161000",426501.443
"34",34.0000000000000000000000000000000,"031","17031340600","3406",Census Tract 3406,,"17","340600",472400.322
"24",24.0000000000000000000000000000000,"031","17031240500","2405",Census Tract 2405,,"17","240500",233368.988
"24",24.0000000000000000000000000000000,"031","17031240700","2407",Census Tract 2407,,"17","240700",163219.332
"24",24.0000000000000000000000000000000,"031","17031240800","2408",Census Tract 2408,,"17","240800",165946.055
"24",24.0000000000000000000000000000000,"031","17031240900","2409",Census Tract 2409,,"17","240900",1005122.767
"24",24.0000000000000000000000000000000,"031","17031241100","2411",Census Tract 2411,,"17","241100",333254.857
"19",19.0000000000000000000000000000000,"031","17031190300","1903",Census Tract 1903,,"17","190300",660302.612
"19",19.0000000000000000000000000000000,"031","17031190800","1908",Census Tract 1908,,"17","190800",661317.859
"19",19.0000000000000000000000000000000,"031","17031190900","1909",Census Tract 1909,,"17","190900",314637.005
"19",19.0000000000000000000000000000000,"031","17031191100","1911",Census Tract 1911,,"17","191100",822427.597
"19",19.0000000000000000000000000000000,"031","17031191200","1912",Census Tract 1912,,"17","191200",705575.080
"8",8.0000000000000000000000000000000,"031","17031080100","801",Census Tract 801,,"17","080100",265777.851
"8",8.0000000000000000000000000000000,"031","17031080400","804",Census Tract 804,,"17","080400",327344.243
"8",8.0000000000000000000000000000000,"031","17031081000","810",Census Tract 810,,"17","081000",298824.305
"15",15.0000000000000000000000000000000,"031","17031150600","1506",Census Tract 1506,,"17","150600",656191.437
"30",30.0000000000000000000000000000000,"031","17031301600","3016",Census Tract 3016,,"17","301600",329515.993
"2",2.0000000000000000000000000000000,"031","17031020500","205",Census Tract 205,,"17","020500",771659.192
"53",53.0000000000000000000000000000000,"031","17031821402","8214.02",Census Tract 8214.02,Partially outside City Boundary (almost all),"17","821402",1786651.778
"75",75.0000000000000000000000000000000,"031","17031750300","7503",Census Tract 7503,,"17","750300",661766.435
"64",64.0000000000000000000000000000000,"031","17031640800","6408",Census Tract 6408,,"17","640800",326704.518
"75",75.0000000000000000000000000000000,"031","17031750100","7501",Census Tract 7501,,"17","750100",1285532.586
"74",74.0000000000000000000000000000000,"031","17031740200","7402",Census Tract 7402,,"17","740200",1966293.648
"65",65.0000000000000000000000000000000,"031","17031650400","6504",Census Tract 6504,,"17","650400",1098629.939
"65",65.0000000000000000000000000000000,"031","17031650500","6505",Census Tract 6505,,"17","650500",3241742.955
"66",66.0000000000000000000000000000000,"031","17031660600","6606",Census Tract 6606,,"17","660600",658609.473
"22",22.0000000000000000000000000000000,"031","17031221100","2211",Census Tract 2211,,"17","221100",440041.291
"22",22.0000000000000000000000000000000,"031","17031221300","2213",Census Tract 2213,,"17","221300",330106.832
"22",22.0000000000000000000000000000000,"031","17031221500","2215",Census Tract 2215,,"17","221500",304901.749
"2",2.0000000000000000000000000000000,"031","17031020100","201",Census Tract 201,,"17","020100",411311.371
"22",22.0000000000000000000000000000000,"031","17031221600","2216",Census Tract 2216,,"17","221600",327910.312
"16",16.0000000000000000000000000000000,"031","17031160800","1608",Census Tract 1608,,"17","160800",657627.597
"16",16.0000000000000000000000000000000,"031","17031160900","1609",Census Tract 1609,,"17","160900",657732.350
"22",22.0000000000000000000000000000000,"031","17031222800","2228",Census Tract 2228,,"17","222800",111384.669
"16",16.0000000000000000000000000000000,"031","17031161100","1611",Census Tract 1611,,"17","161100",576341.193
"16",16.0000000000000000000000000000000,"031","17031161200","1612",Census Tract 1612,,"17","161200",517850.136
"16",16.0000000000000000000000000000000,"031","17031161300","1613",Census Tract 1613,,"17","161300",497595.906
"65",65.0000000000000000000000000000000,"031","17031650100","6501",Census Tract 6501,,"17","650100",673591.056
"33",33.0000000000000000000000000000000,"031","17031330200","3302",Census Tract 3302,,"17","330200",790503.692
"42",42.0000000000000000000000000000000,"031","17031420600","4206",Census Tract 4206,,"17","420600",243605.522
"42",42.0000000000000000000000000000000,"031","17031420700","4207",Census Tract 4207,,"17","420700",650528.028
"66",66.0000000000000000000000000000000,"031","17031661000","6610",Census Tract 6610,,"17","661000",1118645.027
"75",75.0000000000000000000000000000000,"031","17031823304","8233.04",Census Tract 8233.04,Partially outside City Boundary,"17","823304",3557489.964
"1",1.0000000000000000000000000000000,"031","17031010100","101",Census Tract 101,,"17","010100",381062.511
"23",23.0000000000000000000000000000000,"031","17031230300","2303",Census Tract 2303,,"17","230300",104633.276
"64",64.0000000000000000000000000000000,"031","17031640400","6404",Census Tract 6404,,"17","640400",1334945.744
"64",64.0000000000000000000000000000000,"031","17031640500","6405",Census Tract 6405,,"17","640500",661915.135
"64",64.0000000000000000000000000000000,"031","17031640700","6407",Census Tract 6407,,"17","640700",657152.164
"15",15.0000000000000000000000000000000,"031","17031151200","1512",Census Tract 1512,,"17","151200",655585.537
"31",31.0000000000000000000000000000000,"031","17031310800","3108",Census Tract 3108,,"17","310800",332782.279
"66",66.0000000000000000000000000000000,"031","17031660400","6604",Census Tract 6604,,"17","660400",645647.454
"67",67.0000000000000000000000000000000,"031","17031670400","6704",Census Tract 6704,,"17","670400",326420.361
"34",34.0000000000000000000000000000000,"031","17031340400","3404",Census Tract 3404,,"17","340400",290254.681
"42",42.0000000000000000000000000000000,"031","17031420800","4208",Census Tract 4208,,"17","420800",347600.979
"42",42.0000000000000000000000000000000,"031","17031421200","4212",Census Tract 4212,,"17","421200",328220.438
"66",66.0000000000000000000000000000000,"031","17031661100","6611",Census Tract 6611,,"17","661100",1299748.412
"22",22.0000000000000000000000000000000,"031","17031222500","2225",Census Tract 2225,,"17","222500",158413.340
"19",19.0000000000000000000000000000000,"031","17031190200","1902",Census Tract 1902,,"17","190200",660109.108
"39",39.0000000000000000000000000000000,"031","17031390600","3906",Census Tract 3906,,"17","390600",324629.907
"1",1.0000000000000000000000000000000,"031","17031010300","103",Census Tract 103,,"17","010300",472019.165
"1",1.0000000000000000000000000000000,"031","17031010600","106",Census Tract 106,,"17","010600",494954.476
"2",2.0000000000000000000000000000000,"031","17031020200","202",Census Tract 202,,"17","020200",1241962.629
"15",15.0000000000000000000000000000000,"031","17031150800","1508",Census Tract 1508,,"17","150800",661046.078
"15",15.0000000000000000000000000000000,"031","17031151100","1511",Census Tract 1511,,"17","151100",660843.547
"23",23.0000000000000000000000000000000,"031","17031230100","2301",Census Tract 2301,,"17","230100",164481.703
"16",16.0000000000000000000000000000000,"031","17031160100","1601",Census Tract 1601,,"17","160100",593563.952
"16",16.0000000000000000000000000000000,"031","17031160200","1602",Census Tract 1602,,"17","160200",957665.513
"16",16.0000000000000000000000000000000,"031","17031160400","1604",Census Tract 1604,,"17","160400",657337.349
"31",31.0000000000000000000000000000000,"031","17031310600","3106",Census Tract 3106,,"17","310600",543017.569
"31",31.0000000000000000000000000000000,"031","17031310900","3109",Census Tract 3109,,"17","310900",484909.758
"32",32.0000000000000000000000000000000,"031","17031320400","3204",Census Tract 3204,,"17","320400",1459273.621
"6",6.0000000000000000000000000000000,"031","17031061500","615",Census Tract 615,,"17","061500",162911.036
"32",32.0000000000000000000000000000000,"031","17031320600","3206",Census Tract 3206,,"17","320600",1158440.507
"74",74.0000000000000000000000000000000,"031","17031740300","7403",Census Tract 7403,,"17","740300",1320728.961
"66",66.0000000000000000000000000000000,"031","17031660700","6607",Census Tract 6607,,"17","660700",480682.159
"22",22.0000000000000000000000000000000,"031","17031222700","2227",Census Tract 2227,,"17","222700",226171.498
"22",22.0000000000000000000000000000000,"031","17031221200","2212",Census Tract 2212,,"17","221200",330424.882
"16",16.0000000000000000000000000000000,"031","17031160700","1607",Census Tract 1607,,"17","160700",794343.992
"22",22.0000000000000000000000000000000,"031","17031222200","2222",Census Tract 2222,,"17","222200",231071.548
"34",34.0000000000000000000000000000000,"031","17031340500","3405",Census Tract 3405,,"17","340500",435448.153
"33",33.0000000000000000000000000000000,"031","17031330100","3301",Census Tract 3301,,"17","330100",3622939.471
"34",34.0000000000000000000000000000000,"031","17031340300","3403",Census Tract 3403,,"17","340300",213698.230
"35",35.0000000000000000000000000000000,"031","17031350400","3504",Census Tract 3504,,"17","350400",201453.514
"75",75.0000000000000000000000000000000,"031","17031750500","7505",Census Tract 7505,,"17","750500",2636337.421
"75",75.0000000000000000000000000000000,"031","17031750400","7504",Census Tract 7504,,"17","750400",995560.150
"75",75.0000000000000000000000000000000,"031","17031750200","7502",Census Tract 7502,,"17","750200",1310962.388
"43",43.0000000000000000000000000000000,"031","17031430200","4302",Census Tract 4302,,"17","430200",666843.995
"66",66.0000000000000000000000000000000,"031","17031660800","6608",Census Tract 6608,,"17","660800",655388.287
"66",66.0000000000000000000000000000000,"031","17031660900","6609",Census Tract 6609,,"17","660900",1972992.524
"67",67.0000000000000000000000000000000,"031","17031670200","6702",Census Tract 6702,,"17","670200",326542.570
"67",67.0000000000000000000000000000000,"031","17031670300","6703",Census Tract 6703,,"17","670300",326330.174
"22",22.0000000000000000000000000000000,"031","17031222600","2226",Census Tract 2226,,"17","222600",160601.658
"23",23.0000000000000000000000000000000,"031","17031230400","2304",Census Tract 2304,,"17","230400",334578.856
"17",17.0000000000000000000000000000000,"031","17031170400","1704",Census Tract 1704,,"17","170400",769030.342
"38",38.0000000000000000000000000000000,"031","17031380700","3807",Census Tract 3807,,"17","380700",244481.588
"38",38.0000000000000000000000000000000,"031","17031381900","3819",Census Tract 3819,,"17","381900",172692.035
"39",39.0000000000000000000000000000000,"031","17031390200","3902",Census Tract 3902,,"17","390200",303793.721
"17",17.0000000000000000000000000000000,"031","17031171000","1710",Census Tract 1710,,"17","171000",1393043.575
"18",18.0000000000000000000000000000000,"031","17031180100","1801",Census Tract 1801,,"17","180100",1062790.994
"39",39.0000000000000000000000000000000,"031","17031390300","3903",Census Tract 3903,,"17","390300",327048.699
"39",39.0000000000000000000000000000000,"031","17031390700","3907",Census Tract 3907,,"17","390700",1430335.095
"40",39.9999999999999928945726423989981,"031","17031400300","4003",Census Tract 4003,,"17","400300",1464440.372
"40",39.9999999999999928945726423989981,"031","17031400400","4004",Census Tract 4004,,"17","400400",326943.174
"40",39.9999999999999928945726423989981,"031","17031400500","4005",Census Tract 4005,,"17","400500",326147.959
"40",39.9999999999999928945726423989981,"031","17031400800","4008",Census Tract 4008,,"17","400800",493309.025
"41",41.0000000000000000000000000000000,"031","17031410100","4101",Census Tract 4101,,"17","410100",484792.504
"44",44.0000000000000000000000000000000,"031","17031440300","4403",Census Tract 4403,,"17","440300",1291889.622
"44",44.0000000000000000000000000000000,"031","17031440700","4407",Census Tract 4407,,"17","440700",327461.105
"43",43.0000000000000000000000000000000,"031","17031430800","4308",Census Tract 4308,,"17","430800",328072.089
"67",67.0000000000000000000000000000000,"031","17031671800","6718",Census Tract 6718,,"17","671800",324236.441
"68",68.0000000000000000000000000000000,"031","17031680500","6805",Census Tract 6805,,"17","680500",326859.441
"68",68.0000000000000000000000000000000,"031","17031681100","6811",Census Tract 6811,,"17","681100",652441.122
"20",19.9999999999999964472863211994991,"031","17031200100","2001",Census Tract 2001,,"17","200100",586780.267
"41",41.0000000000000000000000000000000,"031","17031410200","4102",Census Tract 4102,,"17","410200",65109.699
"68",68.0000000000000000000000000000000,"031","17031680600","6806",Census Tract 6806,,"17","680600",326464.737
"17",17.0000000000000000000000000000000,"031","17031170600","1706",Census Tract 1706,,"17","170600",566524.951
"38",38.0000000000000000000000000000000,"031","17031380500","3805",Census Tract 3805,,"17","380500",191450.197
"38",38.0000000000000000000000000000000,"031","17031381700","3817",Census Tract 3817,,"17","381700",196801.225
"43",43.0000000000000000000000000000000,"031","17031430300","4303",Census Tract 4303,,"17","430300",408970.581
"43",43.0000000000000000000000000000000,"031","17031430700","4307",Census Tract 4307,,"17","430700",367775.389
"43",43.0000000000000000000000000000000,"031","17031430900","4309",Census Tract 4309,,"17","430900",336514.110
"43",43.0000000000000000000000000000000,"031","17031431200","4312",Census Tract 4312,,"17","431200",655296.480
"43",43.0000000000000000000000000000000,"031","17031431400","4314",Census Tract 4314,,"17","431400",2204824.277
"23",23.0000000000000000000000000000000,"031","17031230800","2308",Census Tract 2308,,"17","230800",205651.452
"23",23.0000000000000000000000000000000,"031","17031231100","2311",Census Tract 2311,,"17","231100",176381.852
"17",17.0000000000000000000000000000000,"031","17031170900","1709",Census Tract 1709,,"17","170900",320577.081
"21",21.0000000000000000000000000000000,"031","17031210100","2101",Census Tract 2101,,"17","210100",854097.598
"42",42.0000000000000000000000000000000,"031","17031420200","4202",Census Tract 4202,,"17","420200",278187.940
"42",42.0000000000000000000000000000000,"031","17031420300","4203",Census Tract 4203,,"17","420300",245119.403
"44",44.0000000000000000000000000000000,"031","17031440600","4406",Census Tract 4406,,"17","440600",669815.344
"44",44.0000000000000000000000000000000,"031","17031440800","4408",Census Tract 4408,,"17","440800",279073.656
"44",44.0000000000000000000000000000000,"031","17031440900","4409",Census Tract 4409,,"17","440900",742630.124
"56",56.0000000000000071054273576010019,"031","17031560400","5604",Census Tract 5604,,"17","560400",334561.027
"45",45.0000000000000000000000000000000,"031","17031450300","4503",Census Tract 4503,,"17","450300",1366765.408
"67",67.0000000000000000000000000000000,"031","17031671900","6719",Census Tract 6719,,"17","671900",322061.342
"67",67.0000000000000000000000000000000,"031","17031672000","6720",Census Tract 6720,,"17","672000",995026.956
"68",68.0000000000000000000000000000000,"031","17031680900","6809",Census Tract 6809,,"17","680900",1033027.627
"68",68.0000000000000000000000000000000,"031","17031681000","6810",Census Tract 6810,,"17","681000",651694.610
"24",24.0000000000000000000000000000000,"031","17031240200","2402",Census Tract 2402,,"17","240200",166088.084
"24",24.0000000000000000000000000000000,"031","17031240300","2403",Census Tract 2403,,"17","240300",166590.125
"20",19.9999999999999964472863211994991,"031","17031200200","2002",Census Tract 2002,,"17","200200",818683.895
"41",41.0000000000000000000000000000000,"031","17031410500","4105",Census Tract 4105,,"17","410500",262842.511
"41",41.0000000000000000000000000000000,"031","17031410600","4106",Census Tract 4106,,"17","410600",252560.003
"17",17.0000000000000000000000000000000,"031","17031170100","1701",Census Tract 1701,,"17","170100",1014633.413
"17",17.0000000000000000000000000000000,"031","17031170200","1702",Census Tract 1702,,"17","170200",653043.018
"17",17.0000000000000000000000000000000,"031","17031170300","1703",Census Tract 1703,,"17","170300",1398901.028
"38",38.0000000000000000000000000000000,"031","17031381800","3818",Census Tract 3818,,"17","381800",319366.366
"17",17.0000000000000000000000000000000,"031","17031170500","1705",Census Tract 1705,,"17","170500",1539543.170
"35",35.0000000000000000000000000000000,"031","17031351400","3514",Census Tract 3514,,"17","351400",323710.562
"38",38.0000000000000000000000000000000,"031","17031381200","3812",Census Tract 3812,,"17","381200",258551.178
"38",38.0000000000000000000000000000000,"031","17031381400","3814",Census Tract 3814,,"17","381400",316691.636
"39",39.0000000000000000000000000000000,"031","17031390100","3901",Census Tract 3901,,"17","390100",842814.019
"43",43.0000000000000000000000000000000,"031","17031430400","4304",Census Tract 4304,,"17","430400",545171.215
"43",43.0000000000000000000000000000000,"031","17031430500","4305",Census Tract 4305,,"17","430500",337332.539
"43",43.0000000000000000000000000000000,"031","17031430600","4306",Census Tract 4306,,"17","430600",328335.497
"23",23.0000000000000000000000000000000,"031","17031230700","2307",Census Tract 2307,,"17","230700",650134.813
"23",23.0000000000000000000000000000000,"031","17031230900","2309",Census Tract 2309,,"17","230900",455180.037
"23",23.0000000000000000000000000000000,"031","17031231200","2312",Census Tract 2312,,"17","231200",656680.804
"17",17.0000000000000000000000000000000,"031","17031170700","1707",Census Tract 1707,,"17","170700",579672.417
"17",17.0000000000000000000000000000000,"031","17031170800","1708",Census Tract 1708,,"17","170800",730333.266
"17",17.0000000000000000000000000000000,"031","17031171100","1711",Census Tract 1711,,"17","171100",666147.607
"19",19.0000000000000000000000000000000,"031","17031190100","1901",Census Tract 1901,,"17","190100",316149.569
"24",24.0000000000000000000000000000000,"031","17031242200","2422",Census Tract 2422,,"17","242200",326987.632
"20",19.9999999999999964472863211994991,"031","17031200300","2003",Census Tract 2003,,"17","200300",250668.504
"21",21.0000000000000000000000000000000,"031","17031210400","2104",Census Tract 2104,,"17","210400",419634.662
"22",22.0000000000000000000000000000000,"031","17031220300","2203",Census Tract 2203,,"17","220300",326092.353
"21",21.0000000000000000000000000000000,"031","17031210700","2107",Census Tract 2107,,"17","210700",497303.818
"21",21.0000000000000000000000000000000,"031","17031210800","2108",Census Tract 2108,,"17","210800",162931.218
"21",21.0000000000000000000000000000000,"031","17031210900","2109",Census Tract 2109,,"17","210900",570569.491
"42",42.0000000000000000000000000000000,"031","17031420100","4201",Census Tract 4201,,"17","420100",1379811.904
"42",42.0000000000000000000000000000000,"031","17031420400","4204",Census Tract 4204,,"17","420400",245126.783
"42",42.0000000000000000000000000000000,"031","17031420500","4205",Census Tract 4205,,"17","420500",245979.158
"69",69.0000000000000000000000000000000,"031","17031691300","6913",Census Tract 6913,,"17","691300",647445.842
"3",3.0000000000000000000000000000000,"031","17031031700","317",Census Tract 317,,"17","031700",477476.472
"47",47.0000000000000000000000000000000,"031","17031470100","4701",Census Tract 4701,,"17","470100",1589069.575
"48",48.0000000000000000000000000000000,"031","17031480100","4801",Census Tract 4801,,"17","480100",668183.389
"69",69.0000000000000000000000000000000,"031","17031691000","6910",Census Tract 6910,,"17","691000",648683.480
"24",24.0000000000000000000000000000000,"031","17031242300","2423",Census Tract 2423,,"17","242300",328316.836
"41",41.0000000000000000000000000000000,"031","17031411100","4111",Census Tract 4111,,"17","411100",282973.846
"46",46.0000000000000000000000000000000,"031","17031460400","4604",Census Tract 4604,,"17","460400",652528.352
"68",68.0000000000000000000000000000000,"031","17031681200","6812",Census Tract 6812,,"17","681200",794728.730
"69",69.0000000000000000000000000000000,"031","17031690500","6905",Census Tract 6905,,"17","690500",320685.373
"24",24.0000000000000000000000000000000,"031","17031241400","2414",Census Tract 2414,,"17","241400",517653.882
"24",24.0000000000000000000000000000000,"031","17031241500","2415",Census Tract 2415,,"17","241500",302869.528
"24",24.0000000000000000000000000000000,"031","17031241600","2416",Census Tract 2416,,"17","241600",293931.503
"24",24.0000000000000000000000000000000,"031","17031242000","2420",Census Tract 2420,,"17","242000",326758.467
"24",24.0000000000000000000000000000000,"031","17031243300","2433",Census Tract 2433,,"17","243300",327091.595
"49",49.0000000000000000000000000000000,"031","17031491200","4912",Census Tract 4912,,"17","491200",649494.647
"48",48.0000000000000000000000000000000,"031","17031480300","4803",Census Tract 4803,,"17","480300",415733.560
"71",71.0000000000000000000000000000000,"031","17031710800","7108",Census Tract 7108,,"17","710800",816277.605
"71",71.0000000000000000000000000000000,"031","17031711300","7113",Census Tract 7113,,"17","711300",350016.800
"1",1.0000000000000000000000000000000,"031","17031010202","102.02",Census Tract 102.02,,"17","010202",351719.799
"48",48.0000000000000000000000000000000,"031","17031480200","4802",Census Tract 4802,,"17","480200",286026.160
"48",48.0000000000000000000000000000000,"031","17031480400","4804",Census Tract 4804,,"17","480400",1809902.353
"48",48.0000000000000000000000000000000,"031","17031480500","4805",Census Tract 4805,,"17","480500",1355403.154
"24",24.0000000000000000000000000000000,"031","17031241200","2412",Census Tract 2412,,"17","241200",328122.452
"69",69.0000000000000000000000000000000,"031","17031691100","6911",Census Tract 6911,,"17","691100",675737.344
"69",69.0000000000000000000000000000000,"031","17031691200","6912",Census Tract 6912,,"17","691200",1013722.157
"69",69.0000000000000000000000000000000,"031","17031691400","6914",Census Tract 6914,,"17","691400",656678.802
"5",4.9999999999999991118215802998748,"031","17031051200","512",Census Tract 512,,"17","051200",164666.450
"69",69.0000000000000000000000000000000,"031","17031691500","6915",Census Tract 6915,,"17","691500",671196.469
"70",70.0000000000000000000000000000000,"031","17031700100","7001",Census Tract 7001,,"17","700100",2311838.122
"41",41.0000000000000000000000000000000,"031","17031410700","4107",Census Tract 4107,,"17","410700",260189.434
"41",41.0000000000000000000000000000000,"031","17031410800","4108",Census Tract 4108,,"17","410800",249756.637
"41",41.0000000000000000000000000000000,"031","17031410900","4109",Census Tract 4109,,"17","410900",965436.880
"41",41.0000000000000000000000000000000,"031","17031411000","4110",Census Tract 4110,,"17","411000",1896925.025
"41",41.0000000000000000000000000000000,"031","17031411200","4112",Census Tract 4112,,"17","411200",402445.290
"53",53.0000000000000000000000000000000,"031","17031530600","5306",Census Tract 5306,,"17","530600",1034198.881
"46",46.0000000000000000000000000000000,"031","17031460100","4601",Census Tract 4601,,"17","460100",5484654.495
"46",46.0000000000000000000000000000000,"031","17031460200","4602",Census Tract 4602,,"17","460200",600207.714
"46",46.0000000000000000000000000000000,"031","17031460500","4605",Census Tract 4605,,"17","460500",1277221.865
"46",46.0000000000000000000000000000000,"031","17031460600","4606",Census Tract 4606,,"17","460600",260610.594
"46",46.0000000000000000000000000000000,"031","17031460700","4607",Census Tract 4607,,"17","460700",422528.797
"24",24.0000000000000000000000000000000,"031","17031241300","2413",Census Tract 2413,,"17","241300",164084.221
"46",46.0000000000000000000000000000000,"031","17031461000","4610",Census Tract 4610,,"17","461000",616836.895
"68",68.0000000000000000000000000000000,"031","17031681300","6813",Census Tract 6813,,"17","681300",721327.057
"68",68.0000000000000000000000000000000,"031","17031681400","6814",Census Tract 6814,,"17","681400",643435.633
"6",6.0000000000000000000000000000000,"031","17031060100","601",Census Tract 601,,"17","060100",325545.815
"69",69.0000000000000000000000000000000,"031","17031690300","6903",Census Tract 6903,,"17","690300",512068.282
"69",69.0000000000000000000000000000000,"031","17031690400","6904",Census Tract 6904,,"17","690400",651657.549
"69",69.0000000000000000000000000000000,"031","17031690900","6909",Census Tract 6909,,"17","690900",655459.185
"6",6.0000000000000000000000000000000,"031","17031060200","602",Census Tract 602,,"17","060200",318277.833
"24",24.0000000000000000000000000000000,"031","17031242100","2421",Census Tract 2421,,"17","242100",327980.259
"24",24.0000000000000000000000000000000,"031","17031243100","2431",Census Tract 2431,,"17","243100",324004.825
"24",24.0000000000000000000000000000000,"031","17031243200","2432",Census Tract 2432,,"17","243200",323849.050
"61",61.0000000000000000000000000000000,"031","17031611600","6116",Census Tract 6116,,"17","611600",315135.739
"24",24.0000000000000000000000000000000,"031","17031243400","2434",Census Tract 2434,,"17","243400",329180.594
"24",24.0000000000000000000000000000000,"031","17031243500","2435",Census Tract 2435,,"17","243500",657214.791
"71",71.0000000000000000000000000000000,"031","17031711100","7111",Census Tract 7111,,"17","711100",653931.116
"25",25.0000000000000000000000000000000,"031","17031250200","2502",Census Tract 2502,,"17","250200",499202.795
"49",49.0000000000000000000000000000000,"031","17031491000","4910",Census Tract 4910,,"17","491000",1277070.459
"49",49.0000000000000000000000000000000,"031","17031491100","4911",Census Tract 4911,,"17","491100",1322862.515
"71",71.0000000000000000000000000000000,"031","17031710100","7101",Census Tract 7101,,"17","710100",215114.227
"51",51.0000000000000000000000000000000,"031","17031510100","5101",Census Tract 5101,,"17","510100",2373066.368
"51",51.0000000000000000000000000000000,"031","17031510200","5102",Census Tract 5102,,"17","510200",1279952.286
"71",71.0000000000000000000000000000000,"031","17031710300","7103",Census Tract 7103,,"17","710300",327581.078
"52",52.0000000000000000000000000000000,"031","17031520200","5202",Census Tract 5202,,"17","520200",1210350.233
"71",71.0000000000000000000000000000000,"031","17031710900","7109",Census Tract 7109,,"17","710900",990852.117
"71",71.0000000000000000000000000000000,"031","17031711000","7110",Census Tract 7110,,"17","711000",654359.388
"71",71.0000000000000000000000000000000,"031","17031711200","7112",Census Tract 7112,,"17","711200",1102236.028
"71",71.0000000000000000000000000000000,"031","17031711400","7114",Census Tract 7114,,"17","711400",747486.486
"8",8.0000000000000000000000000000000,"031","17031081402","814.02",Census Tract 814.02,,"17","081402",588263.514
"71",71.0000000000000000000000000000000,"031","17031710600","7106",Census Tract 7106,,"17","710600",244932.571
"6",6.0000000000000000000000000000000,"031","17031061902","619.02",Census Tract 619.02,,"17","061902",861874.859
"77",77.0000000000000000000000000000000,"031","17031030200","302",Census Tract 302,,"17","030200",666196.491
"77",77.0000000000000000000000000000000,"031","17031030300","303",Census Tract 303,,"17","030300",314151.114
"77",77.0000000000000000000000000000000,"031","17031030400","304",Census Tract 304,,"17","030400",346489.139
"77",77.0000000000000000000000000000000,"031","17031030500","305",Census Tract 305,,"17","030500",618133.296
"77",77.0000000000000000000000000000000,"031","17031030800","308",Census Tract 308,,"17","030800",567411.756
"24",24.0000000000000000000000000000000,"031","17031242400","2424",Census Tract 2424,,"17","242400",328050.702
"24",24.0000000000000000000000000000000,"031","17031242500","2425",Census Tract 2425,,"17","242500",309812.320
"24",24.0000000000000000000000000000000,"031","17031242600","2426",Census Tract 2426,,"17","242600",475743.141
"24",24.0000000000000000000000000000000,"031","17031242700","2427",Census Tract 2427,,"17","242700",175571.404
"24",24.0000000000000000000000000000000,"031","17031242800","2428",Census Tract 2428,,"17","242800",439629.422
"24",24.0000000000000000000000000000000,"031","17031242900","2429",Census Tract 2429,,"17","242900",323820.351
"24",24.0000000000000000000000000000000,"031","17031243000","2430",Census Tract 2430,,"17","243000",324546.269
"22",22.0000000000000000000000000000000,"031","17031220400","2204",Census Tract 2204,,"17","220400",329547.570
"22",22.0000000000000000000000000000000,"031","17031220500","2205",Census Tract 2205,,"17","220500",334923.886
"3",3.0000000000000000000000000000000,"031","17031031800","318",Census Tract 318,,"17","031800",235147.901
"22",22.0000000000000000000000000000000,"031","17031221000","2210",Census Tract 2210,,"17","221000",220048.633
"10",9.9999999999999982236431605997495,"031","17031810400","8104",Census Tract 8104,Partially outside City Boundary,"17","810400",2319080.766
"3",3.0000000000000000000000000000000,"031","17031031900","319",Census Tract 319,,"17","031900",257668.890
"52",52.0000000000000000000000000000000,"031","17031520500","5205",Census Tract 5205,,"17","520500",1050379.770
"72",72.0000000000000000000000000000000,"031","17031720500","7205",Census Tract 7205,,"17","720500",1042170.451
"49",49.0000000000000000000000000000000,"031","17031490300","4903",Census Tract 4903,,"17","490300",632632.260
"49",49.0000000000000000000000000000000,"031","17031490400","4904",Census Tract 4904,,"17","490400",237760.926
"35",35.0000000000000000000000000000000,"031","17031350100","3501",Census Tract 3501,,"17","350100",1086576.656
"35",35.0000000000000000000000000000000,"031","17031351100","3511",Census Tract 3511,,"17","351100",346345.658
"25",25.0000000000000000000000000000000,"031","17031251200","2512",Census Tract 2512,,"17","251200",662289.654
"57",57.0000000000000000000000000000000,"031","17031570100","5701",Census Tract 5701,,"17","570100",1523743.595
"77",77.0000000000000000000000000000000,"031","17031030900","309",Census Tract 309,,"17","030900",408717.711
"25",25.0000000000000000000000000000000,"031","17031250600","2506",Census Tract 2506,,"17","250600",647769.365
"56",56.0000000000000071054273576010019,"031","17031560100","5601",Census Tract 5601,,"17","560100",736736.259
"3",3.0000000000000000000000000000000,"031","17031032100","321",Census Tract 321,,"17","032100",431026.966
"49",49.0000000000000000000000000000000,"031","17031490500","4905",Census Tract 4905,,"17","490500",1425938.075
"49",49.0000000000000000000000000000000,"031","17031490600","4906",Census Tract 4906,,"17","490600",679060.699
"49",49.0000000000000000000000000000000,"031","17031490700","4907",Census Tract 4907,,"17","490700",640220.762
"49",49.0000000000000000000000000000000,"031","17031490800","4908",Census Tract 4908,,"17","490800",1079252.687
"70",70.0000000000000000000000000000000,"031","17031700200","7002",Census Tract 7002,,"17","700200",1623944.733
"71",71.0000000000000000000000000000000,"031","17031710200","7102",Census Tract 7102,,"17","710200",741530.088
"71",71.0000000000000000000000000000000,"031","17031710400","7104",Census Tract 7104,,"17","710400",1002523.274
"71",71.0000000000000000000000000000000,"031","17031710500","7105",Census Tract 7105,,"17","710500",748394.303
"71",71.0000000000000000000000000000000,"031","17031710700","7107",Census Tract 7107,,"17","710700",490083.214
"25",25.0000000000000000000000000000000,"031","17031251000","2510",Census Tract 2510,,"17","251000",466956.355
"28",28.0000000000000035527136788005009,"031","17031280400","2804",Census Tract 2804,,"17","280400",502202.182
"32",32.0000000000000000000000000000000,"031","17031320100","3201",Census Tract 3201,,"17","320100",910353.800
"58",58.0000000000000000000000000000000,"031","17031580800","5808",Census Tract 5808,,"17","580800",183274.839
"35",35.0000000000000000000000000000000,"031","17031351000","3510",Census Tract 3510,,"17","351000",1485944.454
"36",36.0000000000000000000000000000000,"031","17031360200","3602",Census Tract 3602,,"17","360200",231661.646
"38",38.0000000000000000000000000000000,"031","17031380100","3801",Census Tract 3801,,"17","380100",437442.335
"23",23.0000000000000000000000000000000,"031","17031231500","2315",Census Tract 2315,,"17","231500",1000739.536
"25",25.0000000000000000000000000000000,"031","17031251100","2511",Census Tract 2511,,"17","251100",496451.621
"55",55.0000000000000000000000000000000,"031","17031550200","5502",Census Tract 5502,,"17","550200",5401451.254
"56",56.0000000000000071054273576010019,"031","17031560800","5608",Census Tract 5608,,"17","560800",1321149.990
"56",56.0000000000000071054273576010019,"031","17031560900","5609",Census Tract 5609,,"17","560900",1319255.024
"50",50.0000000000000000000000000000000,"031","17031500300","5003",Census Tract 5003,,"17","500300",709169.158
"56",56.0000000000000071054273576010019,"031","17031561000","5610",Census Tract 5610,,"17","561000",1328260.135
"56",56.0000000000000071054273576010019,"031","17031561100","5611",Census Tract 5611,,"17","561100",1321991.675
"57",57.0000000000000000000000000000000,"031","17031570200","5702",Census Tract 5702,,"17","570200",1763042.524
"73",73.0000000000000000000000000000000,"031","17031730400","7304",Census Tract 7304,,"17","730400",1278084.521
"73",73.0000000000000000000000000000000,"031","17031730500","7305",Census Tract 7305,,"17","730500",1313922.126
"73",73.0000000000000000000000000000000,"031","17031730600","7306",Census Tract 7306,,"17","730600",1007264.242
"73",73.0000000000000000000000000000000,"031","17031730700","7307",Census Tract 7307,,"17","730700",988110.432
"25",25.0000000000000000000000000000000,"031","17031250300","2503",Census Tract 2503,,"17","250300",618077.558
"25",25.0000000000000000000000000000000,"031","17031250400","2504",Census Tract 2504,,"17","250400",1309688.003
"25",25.0000000000000000000000000000000,"031","17031250500","2505",Census Tract 2505,,"17","250500",2061367.424
"25",25.0000000000000000000000000000000,"031","17031250700","2507",Census Tract 2507,,"17","250700",662596.547
"25",25.0000000000000000000000000000000,"031","17031250800","2508",Census Tract 2508,,"17","250800",573867.205
"52",52.0000000000000000000000000000000,"031","17031520300","5203",Census Tract 5203,,"17","520300",956737.916
"52",52.0000000000000000000000000000000,"031","17031520600","5206",Census Tract 5206,,"17","520600",1090994.385
"56",56.0000000000000071054273576010019,"031","17031560200","5602",Census Tract 5602,,"17","560200",668997.990
"56",56.0000000000000071054273576010019,"031","17031560300","5603",Census Tract 5603,,"17","560300",659004.386
"56",56.0000000000000071054273576010019,"031","17031560700","5607",Census Tract 5607,,"17","560700",661244.207
"71",71.0000000000000000000000000000000,"031","17031711500","7115",Census Tract 7115,,"17","711500",649393.127
"72",72.0000000000000000000000000000000,"031","17031720600","7206",Census Tract 7206,,"17","720600",582371.430
"3",3.0000000000000000000000000000000,"031","17031031000","310",Census Tract 310,,"17","031000",424893.137
"58",58.0000000000000000000000000000000,"031","17031580300","5803",Census Tract 5803,,"17","580300",471020.564
"5",4.9999999999999991118215802998748,"031","17031050500","505",Census Tract 505,,"17","050500",652577.821
"5",4.9999999999999991118215802998748,"031","17031050800","508",Census Tract 508,,"17","050800",162817.941
"5",4.9999999999999991118215802998748,"031","17031051000","510",Census Tract 510,,"17","051000",166635.924
"5",4.9999999999999991118215802998748,"031","17031051400","514",Census Tract 514,,"17","051400",358884.705
"8",8.0000000000000000000000000000000,"031","17031081900","819",Census Tract 819,,"17","081900",137749.913
"25",25.0000000000000000000000000000000,"031","17031252000","2520",Census Tract 2520,,"17","252000",636147.583
"26",26.0000000000000000000000000000000,"031","17031260300","2603",Census Tract 2603,,"17","260300",329306.117
"4",4.0000000000000000000000000000000,"031","17031040300","403",Census Tract 403,,"17","040300",767449.092
"4",4.0000000000000000000000000000000,"031","17031040800","408",Census Tract 408,,"17","040800",230028.002
"5",4.9999999999999991118215802998748,"031","17031050100","501",Census Tract 501,,"17","050100",334635.574
"5",4.9999999999999991118215802998748,"031","17031050200","502",Census Tract 502,,"17","050200",652248.232
"5",4.9999999999999991118215802998748,"031","17031050300","503",Census Tract 503,,"17","050300",394730.596
"38",38.0000000000000000000000000000000,"031","17031380200","3802",Census Tract 3802,,"17","380200",215128.395
"60",60.0000000000000000000000000000000,"031","17031600400","6004",Census Tract 6004,,"17","600400",327224.888
"8",8.0000000000000000000000000000000,"031","17031081500","815",Census Tract 815,,"17","081500",295436.346
"72",72.0000000000000000000000000000000,"031","17031720100","7201",Census Tract 7201,,"17","720100",1972034.409
"72",72.0000000000000000000000000000000,"031","17031720200","7202",Census Tract 7202,,"17","720200",1668934.027
"72",72.0000000000000000000000000000000,"031","17031720300","7203",Census Tract 7203,,"17","720300",1261675.090
"72",72.0000000000000000000000000000000,"031","17031720700","7207",Census Tract 7207,,"17","720700",1049859.807
"73",73.0000000000000000000000000000000,"031","17031730100","7301",Census Tract 7301,,"17","730100",660212.701
"73",73.0000000000000000000000000000000,"031","17031730300","7303",Census Tract 7303,,"17","730300",297684.711
"3",3.0000000000000000000000000000000,"031","17031031100","311",Census Tract 311,,"17","031100",549967.385
"3",3.0000000000000000000000000000000,"031","17031031200","312",Census Tract 312,,"17","031200",326472.638
"3",3.0000000000000000000000000000000,"031","17031031300","313",Census Tract 313,,"17","031300",1098960.036
"3",3.0000000000000000000000000000000,"031","17031031400","314",Census Tract 314,,"17","031400",2529485.360
"57",57.0000000000000000000000000000000,"031","17031570500","5705",Census Tract 5705,,"17","570500",423601.336
"58",58.0000000000000000000000000000000,"031","17031580100","5801",Census Tract 5801,,"17","580100",763543.352
"58",58.0000000000000000000000000000000,"031","17031580200","5802",Census Tract 5802,,"17","580200",729821.650
"6",6.0000000000000000000000000000000,"031","17031060300","603",Census Tract 603,,"17","060300",319705.398
"58",58.0000000000000000000000000000000,"031","17031580400","5804",Census Tract 5804,,"17","580400",1316119.689
"58",58.0000000000000000000000000000000,"031","17031580600","5806",Census Tract 5806,,"17","580600",492786.474
"53",53.0000000000000000000000000000000,"031","17031530300","5303",Census Tract 5303,,"17","530300",1308194.911
"5",4.9999999999999991118215802998748,"031","17031051300","513",Census Tract 513,,"17","051300",321995.221
"50",50.0000000000000000000000000000000,"031","17031500100","5001",Census Tract 5001,,"17","500100",2653039.573
"5",4.9999999999999991118215802998748,"031","17031050600","506",Census Tract 506,,"17","050600",332452.847
"5",4.9999999999999991118215802998748,"031","17031050700","507",Census Tract 507,,"17","050700",164327.628
"5",4.9999999999999991118215802998748,"031","17031050900","509",Census Tract 509,,"17","050900",162720.833
"5",4.9999999999999991118215802998748,"031","17031051100","511",Census Tract 511,,"17","051100",162699.147
"8",8.0000000000000000000000000000000,"031","17031081800","818",Census Tract 818,,"17","081800",746628.914
"9",9.0000000000000000000000000000000,"031","17031090100","901",Census Tract 901,,"17","090100",933126.972
"9",9.0000000000000000000000000000000,"031","17031090200","902",Census Tract 902,Partially outside City Boundary,"17","090200",1552548.698
"9",9.0000000000000000000000000000000,"031","17031090300","903",Census Tract 903,Partially outside City Boundary,"17","090300",496118.607
"10",9.9999999999999982236431605997495,"031","17031100100","1001",Census Tract 1001,,"17","100100",1177657.678
"26",26.0000000000000000000000000000000,"031","17031260200","2602",Census Tract 2602,,"17","260200",328335.052
"10",9.9999999999999982236431605997495,"031","17031100200","1002",Census Tract 1002,,"17","100200",2088930.114
"26",26.0000000000000000000000000000000,"031","17031260100","2601",Census Tract 2601,,"17","260100",324422.836
"6",6.0000000000000000000000000000000,"031","17031062400","624",Census Tract 624,,"17","062400",162937.432
"49",49.0000000000000000000000000000000,"031","17031491300","4913",Census Tract 4913,,"17","491300",646029.680
"72",72.0000000000000000000000000000000,"031","17031720400","7204",Census Tract 7204,,"17","720400",663283.852
"53",53.0000000000000000000000000000000,"031","17031530400","5304",Census Tract 5304,,"17","530400",1312060.872
"6",6.0000000000000000000000000000000,"031","17031063400","634",Census Tract 634,,"17","063400",158835.741
"75",75.0000000000000000000000000000000,"031","17031750600","7506",Census Tract 7506,,"17","750600",1316349.223
"4",4.0000000000000000000000000000000,"031","17031040100","401",Census Tract 401,,"17","040100",2001672.998
"4",4.0000000000000000000000000000000,"031","17031040600","406",Census Tract 406,,"17","040600",331256.961
"4",4.0000000000000000000000000000000,"031","17031040700","407",Census Tract 407,,"17","040700",358078.631
"4",4.0000000000000000000000000000000,"031","17031040900","409",Census Tract 409,,"17","040900",321853.925
"76",76.0000000000000000000000000000000,"031","17031980000","9800",Census Tract 9800,Partially outside City Boundary (O'Hare),"17","980000",20040630.378
"8",8.0000000000000000000000000000000,"031","17031081600","816",Census Tract 816,,"17","081600",132805.766
"8",8.0000000000000000000000000000000,"031","17031081700","817",Census Tract 817,,"17","081700",371563.780
"25",25.0000000000000000000000000000000,"031","17031251300","2513",Census Tract 2513,,"17","251300",653465.845
"25",25.0000000000000000000000000000000,"031","17031251400","2514",Census Tract 2514,,"17","251400",680674.153
"25",25.0000000000000000000000000000000,"031","17031251500","2515",Census Tract 2515,,"17","251500",682474.599
"25",25.0000000000000000000000000000000,"031","17031251900","2519",Census Tract 2519,,"17","251900",633901.576
"26",26.0000000000000000000000000000000,"031","17031260700","2607",Census Tract 2607,,"17","260700",329143.470
"60",60.0000000000000000000000000000000,"031","17031600900","6009",Census Tract 6009,,"17","600900",383219.276
"61",61.0000000000000000000000000000000,"031","17031611200","6112",Census Tract 6112,,"17","611200",327039.699
"6",6.0000000000000000000000000000000,"031","17031062800","628",Census Tract 628,,"17","062800",325610.538
"6",6.0000000000000000000000000000000,"031","17031062900","629",Census Tract 629,,"17","062900",325736.904
"6",6.0000000000000000000000000000000,"031","17031063000","630",Census Tract 630,,"17","063000",324350.055
"6",6.0000000000000000000000000000000,"031","17031063100","631",Census Tract 631,,"17","063100",159625.233
"6",6.0000000000000000000000000000000,"031","17031063200","632",Census Tract 632,,"17","063200",764257.210
"11",11.0000000000000000000000000000000,"031","17031110200","1102",Census Tract 1102,,"17","110200",596252.334
"25",25.0000000000000000000000000000000,"031","17031251600","2516",Census Tract 2516,,"17","251600",480785.749
"25",25.0000000000000000000000000000000,"031","17031251700","2517",Census Tract 2517,,"17","251700",486655.938
"25",25.0000000000000000000000000000000,"031","17031251800","2518",Census Tract 2518,,"17","251800",997742.396
"57",57.0000000000000000000000000000000,"031","17031570300","5703",Census Tract 5703,,"17","570300",980174.139
"57",57.0000000000000000000000000000000,"031","17031570400","5704",Census Tract 5704,,"17","570400",463390.829
"10",9.9999999999999982236431605997495,"031","17031100600","1006",Census Tract 1006,,"17","100600",1282269.746
"6",6.0000000000000000000000000000000,"031","17031062200","622",Census Tract 622,,"17","062200",242322.673
"10",9.9999999999999982236431605997495,"031","17031100700","1007",Census Tract 1007,,"17","100700",1215251.556
"26",26.0000000000000000000000000000000,"031","17031261000","2610",Census Tract 2610,,"17","261000",499034.822
"6",6.0000000000000000000000000000000,"031","17031062600","626",Census Tract 626,,"17","062600",330019.047
"11",11.0000000000000000000000000000000,"031","17031110100","1101",Census Tract 1101,,"17","110100",1849056.209
"26",26.0000000000000000000000000000000,"031","17031260900","2609",Census Tract 2609,,"17","260900",228196.496
"27",27.0000000000000000000000000000000,"031","17031270500","2705",Census Tract 2705,,"17","270500",562047.991
"52",52.0000000000000000000000000000000,"031","17031520100","5201",Census Tract 5201,,"17","520100",3099839.635
"61",61.0000000000000000000000000000000,"031","17031611400","6114",Census Tract 6114,,"17","611400",326298.118
"61",61.0000000000000000000000000000000,"031","17031610300","6103",Census Tract 6103,,"17","610300",2383588.654
"61",61.0000000000000000000000000000000,"031","17031610800","6108",Census Tract 6108,,"17","610800",331962.957
"61",61.0000000000000000000000000000000,"031","17031611000","6110",Census Tract 6110,,"17","611000",571301.077
"6",6.0000000000000000000000000000000,"031","17031062700","627",Census Tract 627,,"17","062700",325098.357
"12",12.0000000000000000000000000000000,"031","17031120300","1203",Census Tract 1203,,"17","120300",2054601.276
"27",27.0000000000000000000000000000000,"031","17031271800","2718",Census Tract 2718,,"17","271800",205983.654
"52",52.0000000000000000000000000000000,"031","17031520400","5204",Census Tract 5204,,"17","520400",719869.371
"26",26.0000000000000000000000000000000,"031","17031260500","2605",Census Tract 2605,,"17","260500",337546.062
"26",26.0000000000000000000000000000000,"031","17031260600","2606",Census Tract 2606,,"17","260600",318886.741
"58",58.0000000000000000000000000000000,"031","17031580700","5807",Census Tract 5807,,"17","580700",549608.666
"6",6.0000000000000000000000000000000,"031","17031061200","612",Census Tract 612,,"17","061200",174670.377
"59",59.0000000000000000000000000000000,"031","17031590500","5905",Census Tract 5905,,"17","590500",596380.549
"59",59.0000000000000000000000000000000,"031","17031590600","5906",Census Tract 5906,,"17","590600",348145.384
"59",59.0000000000000000000000000000000,"031","17031590700","5907",Census Tract 5907,,"17","590700",869699.648
"60",60.0000000000000000000000000000000,"031","17031600600","6006",Census Tract 6006,,"17","600600",394134.163
"60",60.0000000000000000000000000000000,"031","17031600700","6007",Census Tract 6007,,"17","600700",465210.006
"6",6.0000000000000000000000000000000,"031","17031060400","604",Census Tract 604,,"17","060400",325030.783
"6",6.0000000000000000000000000000000,"031","17031060500","605",Census Tract 605,,"17","060500",228281.996
"6",6.0000000000000000000000000000000,"031","17031060900","609",Census Tract 609,,"17","060900",903499.768
"6",6.0000000000000000000000000000000,"031","17031061000","610",Census Tract 610,,"17","061000",172814.618
"6",6.0000000000000000000000000000000,"031","17031062000","620",Census Tract 620,,"17","062000",224976.525
"6",6.0000000000000000000000000000000,"031","17031062100","621",Census Tract 621,,"17","062100",244805.885
"26",26.0000000000000000000000000000000,"031","17031260400","2604",Census Tract 2604,,"17","260400",328224.933
"26",26.0000000000000000000000000000000,"031","17031260800","2608",Census Tract 2608,,"17","260800",328946.733
"63",63.0000000000000000000000000000000,"031","17031630800","6308",Census Tract 6308,,"17","630800",655812.671
"10",9.9999999999999982236431605997495,"031","17031100300","1003",Census Tract 1003,,"17","100300",2286749.829
"10",9.9999999999999982236431605997495,"031","17031100400","1004",Census Tract 1004,,"17","100400",971271.716
"10",9.9999999999999982236431605997495,"031","17031100500","1005",Census Tract 1005,,"17","100500",1957723.812
"28",28.0000000000000035527136788005009,"031","17031283100","2831",Census Tract 2831,,"17","283100",212436.479
"27",27.0000000000000000000000000000000,"031","17031271200","2712",Census Tract 2712,,"17","271200",329808.523
"61",61.0000000000000000000000000000000,"031","17031610400","6104",Census Tract 6104,,"17","610400",163181.265
"61",61.0000000000000000000000000000000,"031","17031611100","6111",Census Tract 6111,,"17","611100",326781.438
"61",61.0000000000000000000000000000000,"031","17031611300","6113",Census Tract 6113,,"17","611300",327030.625
"6",6.0000000000000000000000000000000,"031","17031062300","623",Census Tract 623,,"17","062300",163309.951
"6",6.0000000000000000000000000000000,"031","17031062500","625",Census Tract 625,,"17","062500",161002.041
"7",7.0000000000000008881784197001252,"031","17031070700","707",Census Tract 707,,"17","070700",686127.515
"7",7.0000000000000008881784197001252,"031","17031071100","711",Census Tract 711,,"17","071100",325459.134
"7",7.0000000000000008881784197001252,"031","17031071300","713",Census Tract 713,,"17","071300",309581.680
"14",14.0000000000000017763568394002505,"031","17031140200","1402",Census Tract 1402,,"17","140200",394454.996
"7",7.0000000000000008881784197001252,"031","17031070600","706",Census Tract 706,,"17","070600",343157.040
"12",12.0000000000000000000000000000000,"031","17031120400","1204",Census Tract 1204,,"17","120400",1064717.221
"13",13.0000000000000000000000000000000,"031","17031130100","1301",Census Tract 1301,,"17","130100",1839642.199
"13",13.0000000000000000000000000000000,"031","17031130200","1302",Census Tract 1302,,"17","130200",2079500.326
"14",14.0000000000000017763568394002505,"031","17031140100","1401",Census Tract 1401,,"17","140100",287980.905
"28",28.0000000000000035527136788005009,"031","17031283200","2832",Census Tract 2832,,"17","283200",235930.954
"14",14.0000000000000017763568394002505,"031","17031140400","1404",Census Tract 1404,,"17","140400",1181560.925
"29",29.0000000000000000000000000000000,"031","17031292400","2924",Census Tract 2924,,"17","292400",330647.098
"28",28.0000000000000035527136788005009,"031","17031282700","2827",Census Tract 2827,,"17","282700",439299.552
"29",29.0000000000000000000000000000000,"031","17031292500","2925",Census Tract 2925,,"17","292500",982570.590
"30",30.0000000000000000000000000000000,"031","17031300600","3006",Census Tract 3006,,"17","300600",328180.802
"30",30.0000000000000000000000000000000,"031","17031300700","3007",Census Tract 3007,,"17","300700",329126.758
"28",28.0000000000000035527136788005009,"031","17031282800","2828",Census Tract 2828,,"17","282800",164410.153
"28",28.0000000000000035527136788005009,"031","17031283800","2838",Census Tract 2838,,"17","283800",376019.129
"29",29.0000000000000000000000000000000,"031","17031290900","2909",Census Tract 2909,,"17","290900",996493.893
"29",29.0000000000000000000000000000000,"031","17031291600","2916",Census Tract 2916,,"17","291600",220340.335
"63",63.0000000000000000000000000000000,"031","17031630200","6302",Census Tract 6302,,"17","630200",634189.857
"27",27.0000000000000000000000000000000,"031","17031271300","2713",Census Tract 2713,,"17","271300",327412.236
"28",28.0000000000000035527136788005009,"031","17031280900","2809",Census Tract 2809,,"17","280900",115080.466
"61",61.0000000000000000000000000000000,"031","17031611700","6117",Census Tract 6117,,"17","611700",328312.147
"61",61.0000000000000000000000000000000,"031","17031612100","6121",Census Tract 6121,,"17","612100",326345.411
"7",7.0000000000000008881784197001252,"031","17031070300","703",Census Tract 703,,"17","070300",324400.885
"30",30.0000000000000000000000000000000,"031","17031300500","3005",Census Tract 3005,,"17","300500",271032.014
"29",29.0000000000000000000000000000000,"031","17031291200","2912",Census Tract 2912,,"17","291200",329139.584
"62",62.0000000000000000000000000000000,"031","17031620300","6203",Census Tract 6203,,"17","620300",992182.643
"62",62.0000000000000000000000000000000,"031","17031620400","6204",Census Tract 6204,,"17","620400",656282.777
"63",63.0000000000000000000000000000000,"031","17031630100","6301",Census Tract 6301,,"17","630100",508069.503
"63",63.0000000000000000000000000000000,"031","17031630300","6303",Census Tract 6303,,"17","630300",985489.146
"63",63.0000000000000000000000000000000,"031","17031630400","6304",Census Tract 6304,,"17","630400",658248.316
"63",63.0000000000000000000000000000000,"031","17031630500","6305",Census Tract 6305,,"17","630500",657742.506
"11",11.0000000000000000000000000000000,"031","17031110300","1103",Census Tract 1103,,"17","110300",1210673.374
"11",11.0000000000000000000000000000000,"031","17031110400","1104",Census Tract 1104,,"17","110400",934115.819
"28",28.0000000000000035527136788005009,"031","17031280100","2801",Census Tract 2801,,"17","280100",592603.281
"12",12.0000000000000000000000000000000,"031","17031120100","1201",Census Tract 1201,,"17","120100",2789740.431
"28",28.0000000000000035527136788005009,"031","17031280800","2808",Census Tract 2808,,"17","280800",237354.409
"12",12.0000000000000000000000000000000,"031","17031120200","1202",Census Tract 1202,,"17","120200",2392155.652
"27",27.0000000000000000000000000000000,"031","17031271400","2714",Census Tract 2714,,"17","271400",328374.325
"7",7.0000000000000008881784197001252,"031","17031071000","710",Census Tract 710,,"17","071000",324639.988
"28",28.0000000000000035527136788005009,"031","17031281900","2819",Census Tract 2819,,"17","281900",438803.085
"55",55.0000000000000000000000000000000,"031","17031550100","5501",Census Tract 5501,,"17","550100",8323801.151
"7",7.0000000000000008881784197001252,"031","17031071200","712",Census Tract 712,,"17","071200",325201.772
"61",61.0000000000000000000000000000000,"031","17031611500","6115",Census Tract 6115,,"17","611500",488121.281
"61",61.0000000000000000000000000000000,"031","17031611800","6118",Census Tract 6118,,"17","611800",327806.382
"61",61.0000000000000000000000000000000,"031","17031611900","6119",Census Tract 6119,,"17","611900",653546.434
"61",61.0000000000000000000000000000000,"031","17031612000","6120",Census Tract 6120,,"17","612000",325923.286
"62",62.0000000000000000000000000000000,"031","17031620100","6201",Census Tract 6201,,"17","620100",837580.232
"62",62.0000000000000000000000000000000,"031","17031620200","6202",Census Tract 6202,,"17","620200",577054.561
"7",7.0000000000000008881784197001252,"031","17031070200","702",Census Tract 702,,"17","070200",341404.957
"7",7.0000000000000008881784197001252,"031","17031070400","704",Census Tract 704,,"17","070400",324369.614
"7",7.0000000000000008881784197001252,"031","17031070500","705",Census Tract 705,,"17","070500",305416.157
"13",13.0000000000000000000000000000000,"031","17031130300","1303",Census Tract 1303,,"17","130300",721099.814
"29",29.0000000000000000000000000000000,"031","17031292200","2922",Census Tract 2922,,"17","292200",398012.710
"63",63.0000000000000000000000000000000,"031","17031630900","6309",Census Tract 6309,,"17","630900",659757.920
